Card Title,URL,Price,Key
New Listing2015 Upper Deck Hockey Young Guns #201 Connor McDavid Oilers RC Rookie PSA 10,https://www.ebay.com/itm/2015-Upper-Deck-Hockey-Young-Guns-201-Connor-McDavid-Oilers-RC-Rookie-PSA-10/284152253625?hash=item4228cb4cb9:g:6mAAAOSwwudgBcin,"$2,699.99",McDavid_PSA_10
New Listing2015 Upper Deck Young Guns Connor McDavid Rookie PSA 10 GEM MT,https://www.ebay.com/itm/2015-Upper-Deck-Young-Guns-Connor-McDavid-Rookie-PSA-10-GEM-MT/333861304099?hash=item4dbbaf3723:g:3aoAAOSw7~pgBR5y,"$2,351.28",McDavid_PSA_10
New Listing2015 Upper Deck Young Guns Connor McDavid Rookie PSA 10 GEM MT,https://www.ebay.com/itm/2015-Upper-Deck-Young-Guns-Connor-McDavid-Rookie-PSA-10-GEM-MT/333861292490?hash=item4dbbaf09ca:g:3aoAAOSw7~pgBR5y,"$1,018.89",McDavid_PSA_10
2015 Upper Deck Young Guns #201 Connor McDavid RC Rookie PSA 10 Gem Mint Oilers,https://www.ebay.com/itm/2015-Upper-Deck-Young-Guns-201-Connor-McDavid-RC-Rookie-PSA-10-Gem-Mint-Oilers/124522408062?hash=item1cfe1d287e:g:1LAAAOSwo0df-7DG,"$3,100.00",McDavid_PSA_10
2015 Upper Deck #201 Connor McDavid Young Guns RC Rookie Card PSA 10 GEM MINT,https://www.ebay.com/itm/2015-Upper-Deck-201-Connor-McDavid-Young-Guns-RC-Rookie-Card-PSA-10-GEM-MINT/353355132577?hash=item52459b6ea1:g:Y6YAAOSwQW5gAhKp,"$2,749.00",McDavid_PSA_10
2015 Upper Deck Hockey Young Guns #201 Connor McDavid Oilers RC Rookie PSA 10,https://www.ebay.com/itm/2015-Upper-Deck-Hockey-Young-Guns-201-Connor-McDavid-Oilers-RC-Rookie-PSA-10/265015483582?hash=item3db4275cbe:g:n9QAAOSw~plgAe4l,"$2,999.95",McDavid_PSA_10
CONNOR McDAVID SAM BENNETT 2015-16 Upper Deck Young Guns Checklist PSA 10 Rookie,https://www.ebay.com/itm/CONNOR-McDAVID-SAM-BENNETT-2015-16-Upper-Deck-Young-Guns-Checklist-PSA-10-Rookie/383892962871?hash=item5961cdbe37:g:Z9QAAOSwp6tf91TD,$117.56,McDavid_PSA_10
2015-16 Upper Deck Young Guns CONNOR MCDAVID #201 RC PSA 10 EDMONTON OILERS,https://www.ebay.com/itm/2015-16-Upper-Deck-Young-Guns-CONNOR-MCDAVID-201-RC-PSA-10-EDMONTON-OILERS/402647565502?hash=item5dbfaa44be:g:ifIAAOSwrctgAl38,"$2,600.00",McDavid_PSA_10
"2015-16 UPPER DECK CONNOR MCDAVID YOUNG GUNS JUMBO RC,POSSIBLE PSA 10,MINT,GEM!",https://www.ebay.com/itm/2015-16-UPPER-DECK-CONNOR-MCDAVID-YOUNG-GUNS-JUMBO-RC-POSSIBLE-PSA-10-MINT-GEM/324443545601?hash=item4b8a57a001:g:sqYAAOSwyoNf8SF1,$997.00,McDavid_PSA_10
2015 UD Young Guns #201 Connor McDavid RC PSA 10.,https://www.ebay.com/itm/2015-UD-Young-Guns-201-Connor-McDavid-RC-PSA-10/133637804609?hash=item1f1d6f1241:g:ViAAAOSwtwlf~usy,"$2,600.00",McDavid_PSA_10
2015 Connor McDavid Upper Deck Young Guns 201 PSA 10 Oilers,https://www.ebay.com/itm/2015-Connor-McDavid-Upper-Deck-Young-Guns-201-PSA-10-Oilers/193844290474?hash=item2d220523aa:g:7q0AAOSweVxf-0dp,"$2,500.00",McDavid_PSA_10
2015 UD Young Guns Canvas Connor McDavid Virtanen ROOKIE RC PSA 10 - Edmonton,https://www.ebay.com/itm/2015-UD-Young-Guns-Canvas-Connor-McDavid-Virtanen-ROOKIE-RC-PSA-10-Edmonton/114630867521?hash=item1ab0883a41:g:m2kAAOSwOc1gAIX-,$89.95,McDavid_PSA_10
2015 Upper Deck Connor McDavid Young Guns Checklist Card #250 PSA 10 GEM MINT,https://www.ebay.com/itm/2015-Upper-Deck-Connor-McDavid-Young-Guns-Checklist-Card-250-PSA-10-GEM-MINT/391527105832?hash=item5b28d58528:g:MGQAAOSwTYRe~nxz,$149.99,McDavid_PSA_10
2015-16 Upper Deck Connor McDavid Young Guns YG Rookie RC #201 PSA 10 Gem Mint,https://www.ebay.com/itm/2015-16-Upper-Deck-Connor-McDavid-Young-Guns-YG-Rookie-RC-201-PSA-10-Gem-Mint/303844205042?hash=item46be86a1f2:g:f4QAAOSwAcZf~TUm,"$2,800.00",McDavid_PSA_10
2015 OPC GLOSSY ROOKIES CONNOR MCDAVID PSA 10,https://www.ebay.com/itm/2015-OPC-GLOSSY-ROOKIES-CONNOR-MCDAVID-PSA-10/184615593385?hash=item2afbf265a9:g:kNwAAOSwE5Jf-zzi,$313.50,McDavid_PSA_10
2015 Upper Deck Young Guns Connor McDavid Rookie PSA 10 GEM MT,https://www.ebay.com/itm/2015-Upper-Deck-Young-Guns-Connor-McDavid-Rookie-PSA-10-GEM-MT/265003782558?hash=item3db374d19e:g:wrMAAOSwXZ1f78Is,"$2,370.87",McDavid_PSA_10
2015 Upper Deck Young Guns Connor McDavid Rookie PSA 10 GEM MT,https://www.ebay.com/itm/2015-Upper-Deck-Young-Guns-Connor-McDavid-Rookie-PSA-10-GEM-MT/265003781722?hash=item3db374ce5a:g:wqEAAOSwGYZf77Tt,"$2,351.28",McDavid_PSA_10
2015 Upper Deck Young Guns Connor McDavid Rookie PSA 10 GEM MT,https://www.ebay.com/itm/2015-Upper-Deck-Young-Guns-Connor-McDavid-Rookie-PSA-10-GEM-MT/203236573359?hash=item2f51d800af:g:xkwAAOSwUyNf8M-P,"$2,390.47",McDavid_PSA_10
2015 Upper Deck Connor McDavid YOUNG GUNS ROOKIE CARD PSA 10 GEM MINT,https://www.ebay.com/itm/2015-Upper-Deck-Connor-McDavid-YOUNG-GUNS-ROOKIE-CARD-PSA-10-GEM-MINT/324238024665?hash=item4b7e179fd9:g:zw0AAOSwYXdfGPgW,"$2,250.00",McDavid_PSA_10
2015 YOUNG GUNS #201 CONNOR McDAVID PSA 10 NICE! $10 tracked S&H canada/usa,https://www.ebay.com/itm/2015-YOUNG-GUNS-201-CONNOR-McDAVID-PSA-10-NICE-10-tracked-S-H-canada-usa/124513548460?hash=item1cfd95f8ac:g:6cQAAOSwXfJf8yWk,"$2,550.00",McDavid_PSA_10
2015-16 Upper Deck Young Guns CONNOR MCDAVID #201 RC PSA 10 EDMONTON OILERS,https://www.ebay.com/itm/2015-16-Upper-Deck-Young-Guns-CONNOR-MCDAVID-201-RC-PSA-10-EDMONTON-OILERS/114611834298?hash=item1aaf65cdba:g:uQ4AAOSwaPFf8mqA,"$2,125.00",McDavid_PSA_10
2015 UD Canvas Connor McDavid/Virtanen Young Guns Rookie PSA 10,https://www.ebay.com/itm/2015-UD-Canvas-Connor-McDavid-Virtanen-Young-Guns-Rookie-PSA-10/254831179809?hash=item3b551f3821:g:20YAAOSwymlf-2K-,$99.99,McDavid_PSA_10
15-16 UD Series 2 Hockey Young Guns Canvas C211 Connor McDavid PSA 10,https://www.ebay.com/itm/15-16-UD-Series-2-Hockey-Young-Guns-Canvas-C211-Connor-McDavid-PSA-10/324446868217?hash=item4b8a8a52f9:g:VXQAAOSwYaNf3hct,$999.95,McDavid_PSA_10
2015 Upper Deck Young Guns Connor McDavid Rookie PSA 10 GEM MT,https://www.ebay.com/itm/2015-Upper-Deck-Young-Guns-Connor-McDavid-Rookie-PSA-10-GEM-MT/203236580837?hash=item2f51d81de5:g:DOsAAOSwqqdf8NDO,"$2,585.62",McDavid_PSA_10
15-16 Upper Deck Young Guns Canvas CONNOR MCDAVID PSA 10,https://www.ebay.com/itm/15-16-Upper-Deck-Young-Guns-Canvas-CONNOR-MCDAVID-PSA-10/133631336699?hash=item1f1d0c60fb:g:KLoAAOSwACpf72dy,$881.73,McDavid_PSA_10
Connor Mcdavid Young Guns PSA 10 And Autographed Jersey W/ Upper Deck COA,https://www.ebay.com/itm/Connor-Mcdavid-Young-Guns-PSA-10-And-Autographed-Jersey-W-Upper-Deck-COA/184613280274?hash=item2afbcf1a12:g:JQ4AAOSwt35f-O8p,"$3,135.04",McDavid_PSA_10
15-16 UD Series 2 Hockey Young Guns Canvas C211 Connor McDavid PSA 10,https://www.ebay.com/itm/15-16-UD-Series-2-Hockey-Young-Guns-Canvas-C211-Connor-McDavid-PSA-10/224285420690?hash=item343873ec92:g:VXQAAOSwYaNf3hct,$999.95,McDavid_PSA_10
18-19 UD Series 1 Hockey Young Guns 248 Elias Pettersson PSA 10,https://www.ebay.com/itm/18-19-UD-Series-1-Hockey-Young-Guns-248-Elias-Pettersson-PSA-10/224299763422?hash=item34394ec6de:g:Jg8AAOSwRIJf7ehC,$379.99,McDavid_PSA_10
2015 Upper Deck Young Guns Connor McDavid Rookie PSA 10 GEM MT,https://www.ebay.com/itm/2015-Upper-Deck-Young-Guns-Connor-McDavid-Rookie-PSA-10-GEM-MT/393086558910?hash=item5b85c8e2be:g:cf4AAOSwK6Vf9kFM,"$2,351.28",McDavid_PSA_10
2015 UPPER DECK YOUNG GUNS CONNOR MCDAVID PSA 10,https://www.ebay.com/itm/2015-UPPER-DECK-YOUNG-GUNS-CONNOR-MCDAVID-PSA-10/184610892992?hash=item2afbaaacc0:g:pdwAAOSw8l1f9nzh,"$2,419.47",McDavid_PSA_10
CONNOR McDAVID SAM BENNETT 2015-16 Upper Deck Young Guns Checklist PSA 10 Rookie,https://www.ebay.com/itm/CONNOR-McDAVID-SAM-BENNETT-2015-16-Upper-Deck-Young-Guns-Checklist-PSA-10-Rookie/353306416733?hash=item5242b4165d:g:UvUAAOSw0eBfyvUI,$99.95,McDavid_PSA_10
"2015-16 UPPER DECK CONNOR MCDAVID YOUNG GUNS JUMBO RC,POSSIBLE PSA 10,MINT,GEM!",https://www.ebay.com/itm/2015-16-UPPER-DECK-CONNOR-MCDAVID-YOUNG-GUNS-JUMBO-RC-POSSIBLE-PSA-10-MINT-GEM/324439873325?hash=item4b8a1f972d:g:sqYAAOSwyoNf8SF1,$997.00,McDavid_PSA_10
2015 Upper Deck Young Guns Connor McDavid PSA 10 Gemt Mint RC,https://www.ebay.com/itm/2015-Upper-Deck-Young-Guns-Connor-McDavid-PSA-10-Gemt-Mint-RC/184606937430?hash=item2afb6e5156:g:dn8AAOSwH-Bf8j01,"$2,000.00",McDavid_PSA_10
2015 YOUNG GUNS #201 CONNOR McDAVID PSA 10 NICE! $10 tracked S&H canada/usa,https://www.ebay.com/itm/2015-YOUNG-GUNS-201-CONNOR-McDAVID-PSA-10-NICE-10-tracked-S-H-canada-usa/124504845720?hash=item1cfd112d98:g:y3cAAOSwCN9f6k-Q,"$2,400.00",McDavid_PSA_10
2015 Upper Deck Young Guns Foil #201 Connor McDavid RC Rookie Gem Mint PSA 10,https://www.ebay.com/itm/2015-Upper-Deck-Young-Guns-Foil-201-Connor-McDavid-RC-Rookie-Gem-Mint-PSA-10/333794352106?hash=item4db7b19bea:g:SAYAAOSwhL1ftcJb,"$5,999.99",McDavid_PSA_10
2015 Upper Deck Young Guns Connor McDavid #201 PSA 10,https://www.ebay.com/itm/2015-Upper-Deck-Young-Guns-Connor-McDavid-201-PSA-10/164622339863?hash=item2654418f17:g:MyQAAOSwY2Zf8TYR,"$1,900.00",McDavid_PSA_10
(one) 2015-16 Upper Deck Series 1 Retail Pack McDavid Young Guns PSA 10 ?,https://www.ebay.com/itm/one-2015-16-Upper-Deck-Series-1-Retail-Pack-McDavid-Young-Guns-PSA-10/383886275582?hash=item596167b3fe:g:0nQAAOSwwlNfpYvs,$15.68,McDavid_PSA_10
2015/16 Upper Deck Hobby Tin Box (12 Packs) Connor McDavid Young Guns PSA 10?,https://www.ebay.com/itm/2015-16-Upper-Deck-Hobby-Tin-Box-12-Packs-Connor-McDavid-Young-Guns-PSA-10/193701034907?hash=item2d197b3b9b:g:LRAAAOSwYzBffjus,$199.86,McDavid_PSA_10
ðŸ”¥ðŸ”¥2015 Upper Deck Connor McDavid Young Guns Canvas #C211 PSA 10ðŸ”¥ðŸ”¥,https://www.ebay.com/itm/2015-Upper-Deck-Connor-McDavid-Young-Guns-Canvas-C211-PSA-10/284085053814?hash=item4224c9e976:g:FboAAOSwZq9ftHAH,"$1,050.00",McDavid_PSA_10
Connor McDavid Young Guns PSA 10,https://www.ebay.com/itm/Connor-McDavid-Young-Guns-PSA-10/224302884101?hash=item34397e6505:g:crcAAOSwpxNf8Ve0,"$1,802.65",McDavid_PSA_10
1 (one) 2015-16 Upper Deck Series 1 Retail Pack McDavid Young Guns PSA 10 ?,https://www.ebay.com/itm/1-one-2015-16-Upper-Deck-Series-1-Retail-Pack-McDavid-Young-Guns-PSA-10/383880769759?hash=item596113b0df:g:0nQAAOSwwlNfpYvs,$15.68,McDavid_PSA_10
Connor McDavid 2015-16 Upper Deck Young Guns Rookie Card PSA 10 GEM MINT,https://www.ebay.com/itm/Connor-McDavid-2015-16-Upper-Deck-Young-Guns-Rookie-Card-PSA-10-GEM-MINT/184390249536?hash=item2aee83ec40:g:aCYAAOSwnXde8YIE,"$2,508.03",McDavid_PSA_10
2015 Upper Deck Young Guns Connor McDavid Rookie PSA 10 GEM MT,https://www.ebay.com/itm/2015-Upper-Deck-Young-Guns-Connor-McDavid-Rookie-PSA-10-GEM-MT/224302405352?hash=item34397716e8:g:PU0AAOSwSG5f8MOW,"$1,763.46",McDavid_PSA_10
15-16 UPPER DECK CONNOR MCDAVID YOUNG GUNS PSA 10 ROOKIE HOT,https://www.ebay.com/itm/15-16-UPPER-DECK-CONNOR-MCDAVID-YOUNG-GUNS-PSA-10-ROOKIE-HOT/363165593682?hash=item548e5b3052:g:VAIAAOSwSx1fEent,"$2,351.28",McDavid_PSA_10
2015-16 Upper Deck Young Guns Connor McDavid #201 Rookie Card RC PSA 10,https://www.ebay.com/itm/2015-16-Upper-Deck-Young-Guns-Connor-McDavid-201-Rookie-Card-RC-PSA-10/233840286685?hash=item3671f79bdd:g:VoQAAOSwfmFf6~0K,"$1,929.00",McDavid_PSA_10
2015-2016 UPPER DECK CONNOR MCDAVID YOUNG GUNS PSA10 WOW ðŸ§¨ðŸ§¨ðŸ§¨,https://www.ebay.com/itm/2015-2016-UPPER-DECK-CONNOR-MCDAVID-YOUNG-GUNS-PSA10-WOW/184357825721?hash=item2aec952cb9:g:yRIAAOSwIElfBnPU,"$2,351.26",McDavid_PSA_10
ðŸ”¥Connor McDavid 2015-16 Upper Deck Young Guns Rookie Card PSA 10 GEM MINTðŸ”¥,https://www.ebay.com/itm/Connor-McDavid-2015-16-Upper-Deck-Young-Guns-Rookie-Card-PSA-10-GEM-MINT/124506441228?hash=item1cfd29860c:g:TVAAAOSwNDFf6pvT,"$2,272.90",McDavid_PSA_10
1 (one) 2015-16 Upper Deck Series 1 Retail Pack McDavid Young Guns PSA 10 ?,https://www.ebay.com/itm/1-one-2015-16-Upper-Deck-Series-1-Retail-Pack-McDavid-Young-Guns-PSA-10/383880175238?hash=item59610a9e86:g:0nQAAOSwwlNfpYvs,$15.68,McDavid_PSA_10
Connor McDavid 2015 Upper Deck Young Guns #201 PSA 10 Rookie Card,https://www.ebay.com/itm/Connor-McDavid-2015-Upper-Deck-Young-Guns-201-PSA-10-Rookie-Card/143682540818?hash=item2174259512:g:iS4AAOSwubdfNcgR,"$2,200.00",McDavid_PSA_10
1 (one) 2015-16 Upper Deck Series 1 Retail Pack McDavid Young Guns PSA 10 ?,https://www.ebay.com/itm/1-one-2015-16-Upper-Deck-Series-1-Retail-Pack-McDavid-Young-Guns-PSA-10/383877723400?hash=item5960e53508:g:0nQAAOSwwlNfpYvs,$15.68,McDavid_PSA_10
Connor McDavid 2015 16 UD Upper Deck Young Guns #201 Oilers RC Rookie PSA 10,https://www.ebay.com/itm/Connor-McDavid-2015-16-UD-Upper-Deck-Young-Guns-201-Oilers-RC-Rookie-PSA-10/363226088983?hash=item5491f64617:g:4wYAAOSwrKNf3Sdu,"$1,990.00",McDavid_PSA_10
2015 Upper Deck Young Guns Connor McDavid Rookie PSA 10 GEM MT,https://www.ebay.com/itm/2015-Upper-Deck-Young-Guns-Connor-McDavid-Rookie-PSA-10-GEM-MT/392977651774?hash=item5b7f4b183e:g:rbAAAOSwVp1fhRa0,"$2,192.94",McDavid_PSA_10
2015 Upper Deck Young Guns Canvas Connor McDavid Virtanen ROOKIE RC PSA 10 GEM,https://www.ebay.com/itm/2015-Upper-Deck-Young-Guns-Canvas-Connor-McDavid-Virtanen-ROOKIE-RC-PSA-10-GEM/353322905505?hash=item5243afafa1:g:J34AAOSwmyRf2-9A,$89.69,McDavid_PSA_10
2015-16 Upper Deck Young Guns #201 Connor McDavid RC Rookie PSA 10 GEM MINT,https://www.ebay.com/itm/2015-16-Upper-Deck-Young-Guns-201-Connor-McDavid-RC-Rookie-PSA-10-GEM-MINT/284128567229?hash=item422761dfbd:g:BAAAAOSw9fFf55mJ,"$1,999.99",McDavid_PSA_10
1 (one) 2015-16 Upper Deck Series 1 Retail Pack McDavid Young Guns PSA 10 ?,https://www.ebay.com/itm/1-one-2015-16-Upper-Deck-Series-1-Retail-Pack-McDavid-Young-Guns-PSA-10/383877328439?hash=item5960df2e37:g:0nQAAOSwwlNfpYvs,$15.68,McDavid_PSA_10
15-16 Upper Deck Young Guns Canvas CONNOR MCDAVID Edmonton Oilers PSA 10!!,https://www.ebay.com/itm/15-16-Upper-Deck-Young-Guns-Canvas-CONNOR-MCDAVID-Edmonton-Oilers-PSA-10/193592189032?hash=item2d12fe6068:g:NPEAAOSwvFlfGioc,$999.99,McDavid_PSA_10
2015-16 Upper Deck Young Guns #201 Connor McDavid RC Rookie PSA 10 GEM MINT,https://www.ebay.com/itm/2015-16-Upper-Deck-Young-Guns-201-Connor-McDavid-RC-Rookie-PSA-10-GEM-MINT/284128267388?hash=item42275d4c7c:g:BAAAAOSw9fFf55mJ,"$1,999.99",McDavid_PSA_10
1 (one) 2015-16 Upper Deck Series 1 Retail Pack McDavid Young Guns PSA 10 ?,https://www.ebay.com/itm/1-one-2015-16-Upper-Deck-Series-1-Retail-Pack-McDavid-Young-Guns-PSA-10/383877024128?hash=item5960da8980:g:0nQAAOSwwlNfpYvs,$15.68,McDavid_PSA_10
2016-17 Upper Deck Auston Matthews Young Guns Rookie Graded PSA 10 Gem Perfect!,https://www.ebay.com/itm/2016-17-Upper-Deck-Auston-Matthews-Young-Guns-Rookie-Graded-PSA-10-Gem-Perfect/254812089207?hash=item3b53fbeb77:g:luwAAOSwQHVf3ZIS,$674.03,McDavid_PSA_10
2018 Upper Deck Anze Kopitar Acetate Young Guns Retro Graded PSA 10 GEM MINT!!!,https://www.ebay.com/itm/2018-Upper-Deck-Anze-Kopitar-Acetate-Young-Guns-Retro-Graded-PSA-10-GEM-MINT/254812015972?hash=item3b53facd64:g:OeMAAOSwonZf3W1Q,$168.21,McDavid_PSA_10
2015-16 Upper Deck Artemi Panarin RC Young Guns Graded PSA 10 Gem Mint YG,https://www.ebay.com/itm/2015-16-Upper-Deck-Artemi-Panarin-RC-Young-Guns-Graded-PSA-10-Gem-Mint-YG/254811355044?hash=item3b53f0b7a4:g:8eoAAOSwdhNf3Hmm,$208.48,McDavid_PSA_10
2014-15 Upper Deck Jake McCabe Young Guns Rookie Graded PSA 10 Gem,https://www.ebay.com/itm/2014-15-Upper-Deck-Jake-McCabe-Young-Guns-Rookie-Graded-PSA-10-Gem/254812562358?hash=item3b540323b6:g:kfYAAOSwDXlf3kdw,$32.14,McDavid_PSA_10
2015 UD Young Guns #201 Connor McDavid RC PSA 10.,https://www.ebay.com/itm/2015-UD-Young-Guns-201-Connor-McDavid-RC-PSA-10/133615909946?hash=item1f1c20fc3a:g:ZK4AAOSwYHFf5KYR,"$1,850.00",McDavid_PSA_10
15-16 Upper Deck Young Guns Canvas CONNOR MCDAVID PSA 10,https://www.ebay.com/itm/15-16-Upper-Deck-Young-Guns-Canvas-CONNOR-MCDAVID-PSA-10/284120921527?hash=item4226ed35b7:g:sXoAAOSwcddf3nnd,"$1,175.64",McDavid_PSA_10
2015 UD Connor McDavid YOUNG GUNS Rookie PSA 10 GEM MT,https://www.ebay.com/itm/2015-UD-Connor-McDavid-YOUNG-GUNS-Rookie-PSA-10-GEM-MT/114560242720?hash=item1aac529420:g:R78AAOSwrYBfy8oJ,"$1,567.52",McDavid_PSA_10
Connor Mcdavid Young Guns Canvas PSA 10,https://www.ebay.com/itm/Connor-Mcdavid-Young-Guns-Canvas-PSA-10/184556659622?hash=item2af86f23a6:g:2jcAAOSwH-RfwYpl,"$1,018.89",McDavid_PSA_10
2015-16 Upper Deck Young Guns #201 Connor McDavid RC Rookie PSA 10 GEM MINT,https://www.ebay.com/itm/2015-16-Upper-Deck-Young-Guns-201-Connor-McDavid-RC-Rookie-PSA-10-GEM-MINT/284122168891?hash=item4227003e3b:g:rXsAAOSwmhtf4BDY,"$1,150.00",McDavid_PSA_10
2015-16 Upper Deck Young Guns #201 Connor McDavid RC Rookie PSA 10,https://www.ebay.com/itm/2015-16-Upper-Deck-Young-Guns-201-Connor-McDavid-RC-Rookie-PSA-10/353326853512?hash=item5243ebed88:g:DAkAAOSwtCBf38Ea,"$1,025.00",McDavid_PSA_10
1 (one) 2015-16 Upper Deck Series 1 Retail Pack McDavid Young Guns PSA 10 ?,https://www.ebay.com/itm/1-one-2015-16-Upper-Deck-Series-1-Retail-Pack-McDavid-Young-Guns-PSA-10/383866620934?hash=item59603bcc06:g:0nQAAOSwwlNfpYvs,$15.28,McDavid_PSA_10
1 (one) 2015-16 Upper Deck Series 1 Retail Pack McDavid Young Guns PSA 10 ?,https://www.ebay.com/itm/1-one-2015-16-Upper-Deck-Series-1-Retail-Pack-McDavid-Young-Guns-PSA-10/383849297981?hash=item595f33783d:g:0nQAAOSwwlNfpYvs,$14.50,McDavid_PSA_10
2015 Upper Deck Young Guns Connor McDavid Rookie PSA 10 GEM MT,https://www.ebay.com/itm/2015-Upper-Deck-Young-Guns-Connor-McDavid-Rookie-PSA-10-GEM-MT/164576548600?hash=item265186d6f8:g:meAAAOSw2vpf1Rn-,"$1,724.27",McDavid_PSA_10
2015 Upper Deck Young Guns #201 Connor McDavid RC Rookie PSA 10 GEM MINT,https://www.ebay.com/itm/2015-Upper-Deck-Young-Guns-201-Connor-McDavid-RC-Rookie-PSA-10-GEM-MINT/114570413495?hash=item1aacedc5b7:g:UYAAAOSwLYdf0p3e,"$1,526.00",McDavid_PSA_10
2015 Upper Deck Connor Mcdavid Young Guns RC Rookie #201 PSA 10 Edmonton Oilers,https://www.ebay.com/itm/2015-Upper-Deck-Connor-Mcdavid-Young-Guns-RC-Rookie-201-PSA-10-Edmonton-Oilers/133602214137?hash=item1f1b5000f9:g:ng8AAOSwEK5f0VGK,"$1,685.08",McDavid_PSA_10
2015-16 Connor Mcdavid Upper Deck Young Guns PSA 10 Rookie RC Edmonton Oilers,https://www.ebay.com/itm/2015-16-Connor-Mcdavid-Upper-Deck-Young-Guns-PSA-10-Rookie-RC-Edmonton-Oilers/274613928108?hash=item3ff04400ac:g:VwoAAOSwWzRf2O9Y,"$1,597.97",McDavid_PSA_10
2015 Connor Mcdavid Young Guns 201 Rookie PSA 10,https://www.ebay.com/itm/2015-Connor-Mcdavid-Young-Guns-201-Rookie-PSA-10/303791942382?hash=item46bb692aee:g:lQ4AAOSwOHhfxu55,"$1,550.00",McDavid_PSA_10
CONNOR MCDAVID 2015 UPPER DECK YOUNG GUNS ROOKIE #201 PSA 10 RC,https://www.ebay.com/itm/CONNOR-MCDAVID-2015-UPPER-DECK-YOUNG-GUNS-ROOKIE-201-PSA-10-RC/184576797973?hash=item2af9a26d15:g:prgAAOSwTcdf1BMx,"$1,600.00",McDavid_PSA_10
2015 Upper Deck Young Guns Connor McDavid ROOKIE RC #201 PSA 10 GEM MINT,https://www.ebay.com/itm/2015-Upper-Deck-Young-Guns-Connor-McDavid-ROOKIE-RC-201-PSA-10-GEM-MINT/224264921190?hash=item34373b2066:g:YRAAAOSwQHVfzqhA,"$1,599.00",McDavid_PSA_10
Connor McDavid 2015 Upper Deck Young Guns Rookie RC #201 PSA 10 - WOW!,https://www.ebay.com/itm/Connor-McDavid-2015-Upper-Deck-Young-Guns-Rookie-RC-201-PSA-10-WOW/203080875563?hash=item2f48903e2b:g:01EAAOSwk05fO~bD,"$1,500.00",McDavid_PSA_10
Connor McDavid 2015 Upper Deck Young Guns Rookie RC #201 PSA 10 - WOW!,https://www.ebay.com/itm/Connor-McDavid-2015-Upper-Deck-Young-Guns-Rookie-RC-201-PSA-10-WOW/203206211055?hash=item2f5008b5ef:g:7ZQAAOSwS6Ffx~w1,"$1,500.00",McDavid_PSA_10
2015-16 UD #201 Connor McDavid Young Guns RC True Gem Mint BGS 9.5 = PSA 10??,https://www.ebay.com/itm/2015-16-UD-201-Connor-McDavid-Young-Guns-RC-True-Gem-Mint-BGS-9-5-PSA-10/184490182747?hash=item2af478c85b:g:L-YAAOSwoCNffKxv,"$1,096.48",McDavid_PSA_10
2015 Upper Deck Young Guns Connor McDavid Rookie RC #201 PSA 10,https://www.ebay.com/itm/2015-Upper-Deck-Young-Guns-Connor-McDavid-Rookie-RC-201-PSA-10/164562533769?hash=item2650b0fd89:g:VhQAAOSwVb5fzROi,"$1,499.99",McDavid_PSA_10
2015 Upper Deck Young Guns #201 Connor McDavid RC Rookie PSA 10 GEM MINT,https://www.ebay.com/itm/2015-Upper-Deck-Young-Guns-201-Connor-McDavid-RC-Rookie-PSA-10-GEM-MINT/114554218279?hash=item1aabf6a727:g:9WoAAOSwzZZfx9x4,"$1,550.00",McDavid_PSA_10
2015-16 UPPER DECK YOUNG GUNS #201 CONNOR McDAVID ROOKIE CARD PSA 10 GEM MINT,https://www.ebay.com/itm/2015-16-UPPER-DECK-YOUNG-GUNS-201-CONNOR-McDAVID-ROOKIE-CARD-PSA-10-GEM-MINT/233791156016?hash=item366f09ef30:g:RbUAAOSwQJlfuVaG,"$1,350.00",McDavid_PSA_10
2015 Upper Deck Young Guns Connor McDavid Rookie PSA 10 GEM MT,https://www.ebay.com/itm/2015-Upper-Deck-Young-Guns-Connor-McDavid-Rookie-PSA-10-GEM-MT/124327513172?hash=item1cf27f4c54:g:AO4AAOSw0LlfVVOf,"$1,499.99",McDavid_PSA_10
59) 2005 - 2019 YOUNG GUNS w/ 2015 CONNOR McDAVID PSA 10 2016 AUSTON MATTHEWS,https://www.ebay.com/itm/59-2005-2019-YOUNG-GUNS-w-2015-CONNOR-McDAVID-PSA-10-2016-AUSTON-MATTHEWS/124478535639?hash=item1cfb7fb7d7:g:gsAAAOSwS6Ff0Mfb,"$6,825.00",McDavid_PSA_10
1 (one) 2015-16 Upper Deck Series 1 Retail Pack McDavid Young Guns PSA 10 ?,https://www.ebay.com/itm/1-one-2015-16-Upper-Deck-Series-1-Retail-Pack-McDavid-Young-Guns-PSA-10/383848144219?hash=item595f21dd5b:g:0nQAAOSwwlNfpYvs,$13.72,McDavid_PSA_10
1 (one) 2015-16 Upper Deck Series 1 Retail Pack McDavid Young Guns PSA 10 ?,https://www.ebay.com/itm/1-one-2015-16-Upper-Deck-Series-1-Retail-Pack-McDavid-Young-Guns-PSA-10/383846498461?hash=item595f08c09d:g:0nQAAOSwwlNfpYvs,$13.72,McDavid_PSA_10
2015-16 UPPER DECK YOUNG GUNS CANVAS CONNOR MCDAVID PSA 10,https://www.ebay.com/itm/2015-16-UPPER-DECK-YOUNG-GUNS-CANVAS-CONNOR-MCDAVID-PSA-10/233803268950?hash=item366fc2c356:g:bUMAAOSwz7JfxavA,$650.52,McDavid_PSA_10
2015 Upper Deck Young Guns Connor McDavid Rookie PSA 10 GEM MT,https://www.ebay.com/itm/2015-Upper-Deck-Young-Guns-Connor-McDavid-Rookie-PSA-10-GEM-MT/233803267080?hash=item366fc2bc08:g:zJoAAOSw8NtfxarL,"$1,430.36",McDavid_PSA_10
1 (one) 2015-16 Upper Deck Series 1 Retail Pack McDavid Young Guns PSA 10 ?,https://www.ebay.com/itm/1-one-2015-16-Upper-Deck-Series-1-Retail-Pack-McDavid-Young-Guns-PSA-10/383832826120?hash=item595e382108:g:0nQAAOSwwlNfpYvs,$13.72,McDavid_PSA_10
2015-16 UD O-PEE-CHEE PLATINUM RETRO R97 CONNOR MCDAVID RC SP PSA 10 GEM MINT,https://www.ebay.com/itm/2015-16-UD-O-PEE-CHEE-PLATINUM-RETRO-R97-CONNOR-MCDAVID-RC-SP-PSA-10-GEM-MINT/203204788165?hash=item2f4ff2ffc5:g:Nd0AAOSw~apfxoDi,$200.00,McDavid_PSA_10
9163 2015 UD Canvas C211 Connor McDavid Young Guns RC Rookie PSA 10 GEM,https://www.ebay.com/itm/9163-2015-UD-Canvas-C211-Connor-McDavid-Young-Guns-RC-Rookie-PSA-10-GEM/154219767027?hash=item23e836e4f3:g:AZ8AAOSwSXdfvx4A,$640.00,McDavid_PSA_10
16-17 UD Series 1 Canvas Second Year C35 Connor McDavid PSA 10,https://www.ebay.com/itm/16-17-UD-Series-1-Canvas-Second-Year-C35-Connor-McDavid-PSA-10/324299981085?hash=item4b81c9011d:g:cIEAAOSwm7JfZLfV,$99.95,McDavid_PSA_10
2015 Upper Deck Connor Mcdavid Young Guns RC Rookie #201 PSA 10,https://www.ebay.com/itm/2015-Upper-Deck-Connor-Mcdavid-Young-Guns-RC-Rookie-201-PSA-10/184555566252?hash=item2af85e74ac:g:j8IAAOSwKP1fwHJ-,"$1,316.72",McDavid_PSA_10
2015-16 Upper Deck Connor McDavid RC Young Guns #201 Rookie PSA 10 Gem Mint!,https://www.ebay.com/itm/2015-16-Upper-Deck-Connor-McDavid-RC-Young-Guns-201-Rookie-PSA-10-Gem-Mint/184562313950?hash=item2af8c56ade:g:oKsAAOSwPzVfucue,"$1,289.99",McDavid_PSA_10
2015-16 Upper Deck Young Guns #201 Connor McDavid RC Rookie PSA 10,https://www.ebay.com/itm/2015-16-Upper-Deck-Young-Guns-201-Connor-McDavid-RC-Rookie-PSA-10/363195166681?hash=item54901e6fd9:g:hlEAAOSwnstfvsHv,"$1,325.00",McDavid_PSA_10
2015-16 Upper Deck Young Guns #201 Connor McDavid RC Rookie PSA 10,https://www.ebay.com/itm/2015-16-Upper-Deck-Young-Guns-201-Connor-McDavid-RC-Rookie-PSA-10/363195165775?hash=item54901e6c4f:g:5lwAAOSwbYJfvsGg,"$1,201.00",McDavid_PSA_10
2015/16 Upper Deck Hobby Retail Box (24 Packs) Connor McDavid Young Guns PSA 10?,https://www.ebay.com/itm/2015-16-Upper-Deck-Hobby-Retail-Box-24-Packs-Connor-McDavid-Young-Guns-PSA-10/203132079221?hash=item2f4b9d8c75:g:1bQAAOSwFcdffjOy,$309.59,McDavid_PSA_10
ðŸ’Ž Connor McDavid 2015 Upper Deck Young Guns Rookie RC #201 PSA 10 - WOW! ðŸ’Ž,https://www.ebay.com/itm/Connor-McDavid-2015-Upper-Deck-Young-Guns-Rookie-RC-201-PSA-10-WOW/203095006884?hash=item2f4967dea4:g:UsoAAOSwDLlfF1HE,"$1,500.00",McDavid_PSA_10
2015-16 Upper Deck Young Guns #201 Connor McDavid Rookie PSA 10 GEM MINT,https://www.ebay.com/itm/2015-16-Upper-Deck-Young-Guns-201-Connor-McDavid-Rookie-PSA-10-GEM-MINT/114535850136?hash=item1aaade6098:g:v4UAAOSwPjZfuzz6,"$1,391.17",McDavid_PSA_10
1 (one) 2015-16 Upper Deck Series 1 Retail Pack McDavid Young Guns PSA 10 ?,https://www.ebay.com/itm/1-one-2015-16-Upper-Deck-Series-1-Retail-Pack-McDavid-Young-Guns-PSA-10/383819616556?hash=item595d6e912c:g:0nQAAOSwwlNfpYvs,$13.72,McDavid_PSA_10
2015-16 UPPER DECK YOUNG GUNS #201 CONNOR McDAVID ROOKIE CARD PSA 10 GEM MINT,https://www.ebay.com/itm/2015-16-UPPER-DECK-YOUNG-GUNS-201-CONNOR-McDAVID-ROOKIE-CARD-PSA-10-GEM-MINT/303764171292?hash=item46b9c16a1c:g:77oAAOSwECtfrevH,"$1,300.00",McDavid_PSA_10
1 (one) 2015-16 Upper Deck Series 1 Retail Pack McDavid Young Guns PSA 10 ?,https://www.ebay.com/itm/1-one-2015-16-Upper-Deck-Series-1-Retail-Pack-McDavid-Young-Guns-PSA-10/383798955096?hash=item595c334c58:g:0nQAAOSwwlNfpYvs,$13.72,McDavid_PSA_10
2015 UD Young Guns #201 Connor McDavid RC PSA 10.,https://www.ebay.com/itm/2015-UD-Young-Guns-201-Connor-McDavid-RC-PSA-10/133581967314?hash=item1f1a1b0fd2:g:-W4AAOSwPHhfqcMO,"$1,325.00",McDavid_PSA_10
2015 Upper Deck Young Guns Connor McDavid Rookie PSA 10 !!!,https://www.ebay.com/itm/2015-Upper-Deck-Young-Guns-Connor-McDavid-Rookie-PSA-10/353243518513?hash=item523ef45631:g:uIwAAOSwmyZfjcUs,"$1,959.39",McDavid_PSA_10
2015 UD Young Guns #201 Connor McDavid RC PSA 10.,https://www.ebay.com/itm/2015-UD-Young-Guns-201-Connor-McDavid-RC-PSA-10/133574433457?hash=item1f19a81ab1:g:-W4AAOSwPHhfqcMO,"$1,358.00",McDavid_PSA_10
2015 Upper Deck Young Guns #201 Connor McDavid RC Rookie Gem Mint PSA 10,https://www.ebay.com/itm/2015-Upper-Deck-Young-Guns-201-Connor-McDavid-RC-Rookie-Gem-Mint-PSA-10/264941046081?hash=item3dafb78941:g:VIcAAOSw8vJfst9y,"$1,350.00",McDavid_PSA_10
2015 Upper Deck Young Guns Connor McDavid ROOKIE RC #201 PSA 10 GEM MINT,https://www.ebay.com/itm/2015-Upper-Deck-Young-Guns-Connor-McDavid-ROOKIE-RC-201-PSA-10-GEM-MINT/224214329716?hash=item3434372974:g:vewAAOSwevBfm0zf,"$1,349.00",McDavid_PSA_10
PSA 10 Gem Mint 2015-16 Upper Deck #201 Connor McDavid Young Guns YG RC,https://www.ebay.com/itm/PSA-10-Gem-Mint-2015-16-Upper-Deck-201-Connor-McDavid-Young-Guns-YG-RC/184530217427?hash=item2af6dba9d3:g:QdQAAOSwVIZfqvIi,"$1,331.61",McDavid_PSA_10
15-16 Upper Deck Young Guns Canvas CONNOR MCDAVID PSA 10,https://www.ebay.com/itm/15-16-Upper-Deck-Young-Guns-Canvas-CONNOR-MCDAVID-PSA-10/293812297435?hash=item446893dedb:g:hKYAAOSwnUhfoOt~,$611.33,McDavid_PSA_10
"2015-16 Upper Deck Young Guns #201 Connor McDavid RC Rookie PSA 10 "" FLAWLESS """,https://www.ebay.com/itm/2015-16-Upper-Deck-Young-Guns-201-Connor-McDavid-RC-Rookie-PSA-10-FLAWLESS/373313657419?hash=item56eb3a5a4b:g:vgkAAOSwl5hfoIPN,"$1,126.00",McDavid_PSA_10
"2015-16 Upper Deck Young Guns #201 Connor McDavid RC Rookie PSA 10 "" PRISTINE """,https://www.ebay.com/itm/2015-16-Upper-Deck-Young-Guns-201-Connor-McDavid-RC-Rookie-PSA-10-PRISTINE/383792121045?hash=item595bcb04d5:g:CVwAAOSwOkVfoITF,"$1,225.00",McDavid_PSA_10
2015-16 Upper Deck UD #201 Connor McDavid Young Guns RC YG PSA 10 GEM MT,https://www.ebay.com/itm/2015-16-Upper-Deck-UD-201-Connor-McDavid-Young-Guns-RC-YG-PSA-10-GEM-MT/324358857454?hash=item4b854b62ee:g:TpwAAOSwXwBfoKhx,"$1,273.61",McDavid_PSA_10
2015 Upper Deck Young Guns Connor McDavid Rookie PSA 10 GEM MT,https://www.ebay.com/itm/2015-Upper-Deck-Young-Guns-Connor-McDavid-Rookie-PSA-10-GEM-MT/264930253114?hash=item3daf12d93a:g:J0wAAOSw1eZfqA5p,"$1,175.64",McDavid_PSA_10
15-16 UPPER DECK CONNOR MCDAVID YOUNG GUNS PSA 10 26627171 ROOKIE HOT,https://www.ebay.com/itm/15-16-UPPER-DECK-CONNOR-MCDAVID-YOUNG-GUNS-PSA-10-26627171-ROOKIE-HOT/363089562447?hash=item5489d30b4f:g:VAIAAOSwSx1fEent,"$1,567.52",McDavid_PSA_10
2015-16 Upper Deck Young Guns #201 Connor McDavid RC Rookie PSA 10 GEM MINT,https://www.ebay.com/itm/2015-16-Upper-Deck-Young-Guns-201-Connor-McDavid-RC-Rookie-PSA-10-GEM-MINT/154143684794?hash=item23e3adf8ba:g:SZkAAOSwHQVfiFLH,"$1,397.00",McDavid_PSA_10
2015-16 Upper Deck Young Guns #201 Connor McDavid RC Rookie PSA 10 GEM MINT,https://www.ebay.com/itm/2015-16-Upper-Deck-Young-Guns-201-Connor-McDavid-RC-Rookie-PSA-10-GEM-MINT/383777765754?hash=item595aeff97a:g:pB0AAOSwsaxfkw3L,"$1,151.00",McDavid_PSA_10
2015-16 Upper Deck Young Guns Connor McDavid #201 Rookie Card PSA 10 GEM MINT,https://www.ebay.com/itm/2015-16-Upper-Deck-Young-Guns-Connor-McDavid-201-Rookie-Card-PSA-10-GEM-MINT/114483106919?hash=item1aa7b99467:g:MAcAAOSwC2tfllY~,"$1,469.55",McDavid_PSA_10
2015 CONNOR McDAVID #201 Upper Deck Young Guns Rookie PSA 10 Gem Mint,https://www.ebay.com/itm/2015-CONNOR-McDAVID-201-Upper-Deck-Young-Guns-Rookie-PSA-10-Gem-Mint/114464569130?hash=item1aa69eb72a:g:UE0AAOSwdLJfjH1x,"$1,295.00",McDavid_PSA_10
2015-16 Upper Deck Connor McDavid Young Guns YG Rookie RC #201 PSA 10 Gem Mint,https://www.ebay.com/itm/2015-16-Upper-Deck-Connor-McDavid-Young-Guns-YG-Rookie-RC-201-PSA-10-Gem-Mint/133554750736?hash=item1f187bc510:g:K9EAAOSwIOpfkg~A,"$1,075.00",McDavid_PSA_10
2015 Upper Deck Young Guns Connor McDavid ROOKIE RC #201 PSA 10 GEM MINT,https://www.ebay.com/itm/2015-Upper-Deck-Young-Guns-Connor-McDavid-ROOKIE-RC-201-PSA-10-GEM-MINT/353240777980?hash=item523eca84fc:g:qpYAAOSwV6lfikOL,"$1,200.00",McDavid_PSA_10
